ID,Full_Name,Phone_Number,Email,Aadhaar_Last_4,PAN_Number,Address,Pincode
1,Rajesh Kumar Sharma,9876543210,rajesh.sharma@email.com,1234,ABCDE1234F,Flat 101 Sunrise Apartments Mumbai,400001
2,Priya Nair,9876543211,priya.nair@email.com,1235,BCDEF2345G,House No 45 Koramangala Bangalore,560034
3,Suresh Patel,9876543212,suresh.patel@email.com,1236,CDEFG3456H,Plot 67 Anna Nagar Chennai,600040
4,Meera Singh,9876543213,meera.singh@email.com,1237,DEFGH4567I,B-204 Vasant Vihar New Delhi,110057
5,Amit Gupta,9876543214,amit.gupta@email.com,1238,EFGHI5678J,Flat 302 Satellite Ahmedabad,380015
6,Sunita Das,9876543215,sunita.das@email.com,1239,FGHIJ6789K,House 12 Salt Lake Kolkata,700064
7,Vikram Agarwal,9876543216,vikram.agarwal@email.com,1240,GHIJK7890L,Villa 8 Malviya Nagar Jaipur,302017
8,Kavita Verma,9876543217,kavita.verma@email.com,1241,HIJKL8901M,Flat 205 Gomti Nagar Lucknow,226010
9,Harpreet Singh,9876543218,harpreet.singh@email.com,1242,IJKLM9012N,House 34 Model Town Ludhiana,141002
10,Neha Agarwal,9876543219,neha.agarwal@email.com,1243,JKLMN0123O,Tower B-1203 DLF City Gurgaon,122002
11,Ramesh Tiwari,9876543220,ramesh.tiwari@email.com,1244,KLMNO1234P,Shop 15 MP Nagar Bhopal,462011
12,Anita Mishra,9876543221,anita.mishra@email.com,1245,LMNOP2345Q,Flat 401 Chandrasekharpur Bhubaneswar,751016
13,Thomas Joseph,9876543222,thomas.joseph@email.com,1246,MNOPQ3456R,House 78 Marine Drive Kochi,682031
14,Lakshmi Reddy,9876543223,lakshmi.reddy@email.com,1247,NOPQR4567S,Flat 506 Jubilee Hills Hyderabad,500033
15,Ravi Kumar,9876543224,ravi.kumar@email.com,1248,OPQRS5678T,Apartment 203 Banjara Hills Hyderabad,500034
16,Sita Devi,9876543225,sita.devi@email.com,1249,PQRST6789U,House 23 Boring Road Patna,800001
17,Deepak Singh,9876543226,deepak.singh@email.com,1250,QRSTU7890V,Flat 301 Hinoo Ranchi,834002
18,Asha Begum,9876543227,asha.begum@email.com,1251,RSTUV8901W,House 45 Paltan Bazaar Guwahati,781008
19,Manoj Tripathi,9876543228,manoj.tripathi@email.com,1252,STUVW9012X,Quarter 12 Police Lines Agartala,799001
20,Ritu Sharma,9876543229,ritu.sharma@email.com,1253,TUVWX0123Y,Flat 102 Thangal Bazaar Imphal,795001
21,David Konyak,9876543230,david.konyak@email.com,1254,UVWXY1234Z,House 67 PR Hill Kohima,797001
22,Mary Lalrinnunga,9876543231,mary.lalrinnunga@email.com,1255,VWXYZ2345A,Bungalow 8 Chanmari Aizawl,796007
23,Tenzin Norbu,9876543232,tenzin.norbu@email.com,1256,WXYZA3456B,House 34 Naharlagun Itanagar,791110
24,Pema Lhamu,9876543233,pema.lhamu@email.com,1257,XYZAB4567C,Shop 12 MG Road Gangtok,737101
25,Raj Kumar,9876543234,raj.kumar@email.com,1258,YZABC5678D,House 56 The Mall Shimla,171001
26,Pooja Rawat,9876543235,pooja.rawat@email.com,1259,ZABCD6789E,Flat 204 Rajpur Road Dehradun,248001
27,Mohammad Ali,9876543236,mohammad.ali@email.com,1260,ABCDE7890F,House 89 Lal Chowk Srinagar,190001
28,Dolma Angchuk,9876543237,dolma.angchuk@email.com,1261,BCDEF8901G,House 23 Main Bazaar Leh,194101
29,Francis D'Souza,9876543238,francis.dsouza@email.com,1262,CDEFG9012H,Villa 45 Dona Paula Panaji,403004
30,Kamala Devi,9876543239,kamala.devi@email.com,1263,DEFGH0123I,House 67 MG Road Puducherry,605001
31,Rohit Joshi,9876543240,rohit.joshi@email.com,1264,EFGHI1234J,Flat 301 Koregaon Park Pune,411001
32,Geetha Rao,9876543241,geetha.rao@email.com,1265,FGHIJ2345K,House 12 Jayalakshmipuram Mysore,570012
33,Murugan Pillai,9876543242,murugan.pillai@email.com,1266,GHIJK3456L,Plot 34 RS Puram Coimbatore,641002
34,Aditi Khanna,9876543243,aditi.khanna@email.com,1267,HIJKL4567M,A-45 Greater Kailash South Delhi,110048
35,Kiran Patel,9876543244,kiran.patel@email.com,1268,IJKLM5678N,House 78 Varachha Surat,395006
36,Ruma Chatterjee,9876543245,ruma.chatterjee@email.com,1269,JKLMN6789O,Flat 205 Shibpur Howrah,711102
37,Gopal Sharma,9876543246,gopal.sharma@email.com,1270,KLMNO7890P,House 23 City Palace Road Udaipur,313001
38,Seema Gupta,9876543247,seema.gupta@email.com,1271,LMNOP8901Q,Lane 12 Civil Lines Kanpur,208001
39,Jasbir Singh,9876543248,jasbir.singh@email.com,1272,MNOPQ9012R,House 45 Ranjit Avenue Amritsar,143001
40,Rekha Sharma,9876543249,rekha.sharma@email.com,1273,NOPQR0123S,Sector 15 NIT Faridabad,121001
41,Arjun Malhotra,9876543250,arjun.malhotra@email.com,1274,OPQRS1234T,Flat 102 Vijay Nagar Indore,452010
42,Parvati Nayak,9876543251,parvati.nayak@email.com,1275,PQRST2345U,House 67 Buxi Bazaar Cuttack,753001
43,Jose Mathew,9876543252,jose.mathew@email.com,1276,QRSTU3456V,House 89 Pattom Thiruvananthapuram,695004
44,Radha Krishna,9876543253,radha.krishna@email.com,1277,RSTUV4567W,Plot 23 Benz Circle Vijayawada,520008
45,Srinivas Rao,9876543254,srinivas.rao@email.com,1278,STUVW5678X,House 45 Subedari Warangal,506002
46,Kamala Devi,9876543255,kamala.devi2@email.com,1279,TUVWX6789Y,Lane 12 Buddha Colony Gaya,823001
47,Ajay Kumar,9876543256,ajay.kumar@email.com,1280,UVWXY7890Z,Flat 301 Bistupur Jamshedpur,831001
48,Manju Devi,9876543257,manju.devi@email.com,1281,VWXYZ8901A,House 34 Rangirkhari Silchar,788001
49,Biplab Das,9876543258,biplab.das@email.com,1282,WXYZA9012B,Quarter 15 GB Hospital Road Udaipur,799120
50,Bina Devi,9876543259,bina.devi@email.com,1283,XYZAB0123C,House 67 Keishampat Thoubal,795138
51,Shankar Patil,9876543260,shankar.patil@email.com,1284,YZABC1234D,Village Kalmeshwar Nagpur,441501
52,Savita Kumari,9876543261,savita.kumari@email.com,1285,ZABCD2345E,Village Jewargi Gulbarga,585102
53,Raman Pillai,9876543262,raman.pillai@email.com,1286,ABCDE3456F,Village Omalur Salem,636455
54,Sunita Devi,9876543263,sunita.devi2@email.com,1287,BCDEF4567G,Village Najafgarh Outer Delhi,110043
55,Bharat Patel,9876543264,bharat.patel@email.com,1288,CDEFG5678H,Village Morbi Rajkot,363641
56,Mamata Banerjee,9876543265,mamata.banerjee@email.com,1289,DEFGH6789I,Village Lalgola Murshidabad,742148
57,Kishan Lal,9876543266,kishan.lal@email.com,1290,EFGHI7890J,Village Phalodi Jodhpur,342301
58,Geeta Devi,9876543267,geeta.devi@email.com,1291,FGHIJ8901K,Village Chunar Varanasi,231304
59,Kulwant Singh,9876543268,kulwant.singh@email.com,1292,GHIJK9012L,Village Samana Patiala,147001
60,Sunita Sharma,9876543269,sunita.sharma2@email.com,1293,HIJKL0123M,Village Hansi Hisar,125033
61,Ram Singh,9876543270,ram.singh@email.com,1294,IJKLM1234N,Village Shivpuri Gwalior,473551
62,Saraswati Nayak,9876543271,saraswati.nayak@email.com,1295,JKLMN2345O,Village Konark Puri,752111
63,Krishnan Nair,9876543272,krishnan.nair@email.com,1296,KLMNO3456P,Village Ottapalam Palakkad,679103
64,Lakshmi Devi,9876543273,lakshmi.devi2@email.com,1297,LMNOP4567Q,Village Tenali Guntur,522201
65,Narasimha Reddy,9876543274,narasimha.reddy@email.com,1298,MNOPQ5678R,Village Huzurabad Karimnagar,505468
66,Phoolmati Devi,9876543275,phoolmati.devi@email.com,1299,NOPQR6789S,Village Sitamarhi Muzaffarpur,843302
67,Suresh Mahto,9876543276,suresh.mahto@email.com,1300,OPQRS7890T,Village Jharia Dhanbad,828111
68,Renu Gogoi,9876543277,renu.gogoi@email.com,1301,PQRST8901U,Village Titabar Jorhat,785630
69,Ratan Das,9876543278,ratan.das@email.com,1302,QRSTU9012V,Village Kamalpur Dhalai,799285
70,Chanu Devi,9876543279,chanu.devi@email.com,1303,RSTUV0123W,Village Moirang Bishnupur,795133
71,Temjen Jamir,9876543280,temjen.jamir@email.com,1304,STUVW1234X,Village Chumukedima Dimapur,797103
72,Lalnunmawia Sailo,9876543281,lalnunmawia.sailo@email.com,1305,TUVWX2345Y,Village Hnahthial Lunglei,796751
73,Nabam Tuki,9876543282,nabam.tuki@email.com,1306,UVWXY3456Z,Village Doimukh Papum Pare,791112
74,Karma Loday,9876543283,karma.loday@email.com,1307,VWXYZ4567A,Village Namchi South Sikkim,737126
75,Devi Ram,9876543284,devi.ram@email.com,1308,WXYZA5678B,Village Manali Kullu,175131
76,Usha Devi,9876543285,usha.devi@email.com,1309,XYZAB6789C,Village Rishikesh Haridwar,249201
77,Abdul Rashid,9876543286,abdul.rashid@email.com,1310,YZABC7890D,Village Sopore Baramulla,193201
78,Stanzin Dolma,9876543287,stanzin.dolma@email.com,1311,ZABCD8901E,Village Drass Kargil,194103
79,Antonio Fernandes,9876543288,antonio.fernandes@email.com,1312,ABCDE9012F,Village Quepem South Goa,403705
80,Meera Devi,9876543289,meera.devi2@email.com,1313,BCDEF0123G,Village Mahe Karaikal,609609
81,Sachin Jadhav,9876543290,sachin.jadhav@email.com,1314,CDEFG1234H,Village Pandharpur Solapur,413304
82,Yellamma Devi,9876543291,yellamma.devi@email.com,1315,DEFGH2345I,Village Sindgi Bijapur,586128
83,Murugan Chettiar,9876543292,murugan.chettiar@email.com,1316,EFGHI3456J,Village Kumbakonam Thanjavur,612001
84,Kiran Ben,9876543293,kiran.ben@email.com,1317,FGHIJ4567K,Village Mahuva Bhavnagar,364290
85,Haripada Mondal,9876543294,haripada.mondal@email.com,1318,GHIJK5678L,Village Kalyani Nadia,741235
86,Kamla Devi,9876543295,kamla.devi@email.com,1319,HIJKL6789M,Village Deeg Bharatpur,321203
87,Ramesh Yadav,9876543296,ramesh.yadav@email.com,1320,IJKLM7890N,Village Kushinagar Gorakhpur,274403
88,Simran Kaur,9876543297,simran.kaur@email.com,1321,JKLMN8901O,Village Talwandi Sabo Bathinda,151302
89,Suresh Kumar,9876543298,suresh.kumar2@email.com,1322,KLMNO9012P,Village Assandh Karnal,132039
90,Kavita Sharma,9876543299,kavita.sharma2@email.com,1323,LMNOP0123Q,Village Sailana Ratlam,457001
91,Jagannath Sahoo,9876543300,jagannath.sahoo@email.com,1324,MNOPQ1234R,Village Jaleswar Balasore,756032
92,Suma Devi,9876543301,suma.devi@email.com,1325,NOPQR2345S,Village Sulthan Bathery Wayanad,673592
93,Venkatesh Naidu,9876543302,venkatesh.naidu@email.com,1326,OPQRS3456T,Village Madanapalle Chittoor,517325
94,Padma Devi,9876543303,padma.devi@email.com,1327,PQRST4567U,Village Miryalaguda Nalgonda,508207
95,Mahesh Kumar,9876543304,mahesh.kumar@email.com,1328,QRSTU5678V,Village Madhubani Darbhanga,847211
96,Sushila Devi,9876543305,sushila.devi@email.com,1329,RSTUV6789W,Village Chatra Hazaribagh,825401
97,Bhupen Hazarika,9876543306,bhupen.hazarika@email.com,1330,STUVW7890X,Village Bokakhat Golaghat,785612
98,Rina Das,9876543307,rina.das@email.com,1331,TUVWX8901Y,Village Udaipur Gomati,799120
99,Thangjam Singh,9876543308,thangjam.singh@email.com,1332,UVWXY9012Z,Village Churachandpur Churachandpur,795128
100,Imkongmeren Jamir,9876543309,imkongmeren.jamir@email.com,1333,VWXYZ0123A,Village Longkhim Mokokchung,798601